,Accuracy 0,Accuracy 1,Accuracy 2,Accuracy 3,Accuracy 4,Accuracy STD. 0,Accuracy STD. 1,Accuracy STD. 2,Accuracy STD. 3,Accuracy STD. 4,Dataset,F1-score 0,F1-score 1,F1-score 2,F1-score 3,F1-score 4,F1-score STD. 0,F1-score STD. 1,F1-score STD. 2,F1-score STD. 3,F1-score STD. 4,Network Initialization,Precision 0,Precision 1,Precision 2,Precision 3,Precision 4,Precision STD. 0,Precision STD. 1,Precision STD. 2,Precision STD. 3,Precision STD. 4,Recall 0,Recall 1,Recall 2,Recall 3,Recall 4,Recall STD. 0,Recall STD. 1,Recall STD. 2,Recall STD. 3,Recall STD. 4,Training Method,Uncertainty Sampling
0,0.3562265640418394,0.4293138609302019,0.4503651075587132,0.48141569633576736,0.4950332214985856,0.03922063823408284,0.05149787934628203,0.03883474955665711,0.02896145744712264,0.023858704301778055,Skin Lesions,0.18899947538207382,0.2608526282530586,0.2787145544830516,0.32105027259417884,0.3329708283347706,0.006446361862158384,0.021019516489713425,0.008295343560614732,0.03614705433240095,0.021204266599994914,Random,0.22057922115814,0.26898027542984887,0.28687947755263243,0.3119145165759978,0.31828447330224563,0.0119945634459864,0.019955955566729217,0.007847336606190525,0.026360912312648532,0.018449827857820733,0.23120420542941586,0.31904047243480427,0.35714618868492853,0.39180283393551435,0.41643628887361855,0.010004414958295266,0.015196835965557487,0.016456442846663644,0.02951485409254201,0.012940081136788018,Supervised learning,Random
1,0.3562265640418394,0.40049996710742714,0.4329978290901914,0.44950990066443003,0.48924412867574496,0.03922063823408284,0.03760103068182874,0.03671907386248385,0.04062401868080279,0.04884244714042091,Skin Lesions,0.18899947538207382,0.22558011732532557,0.2652867059845769,0.2837658486308475,0.31426436271430674,0.006446361862158384,0.02090838769643974,0.02620308981898284,0.030851082491632098,0.038358770952244214,Random,0.22057922115814,0.25084149787154447,0.2753753935379833,0.28747311700920203,0.30844378383530474,0.0119945634459864,0.010212826878247483,0.020283223926608585,0.024200278187894775,0.033212685035398426,0.23120420542941586,0.2944997533563232,0.33806711051588795,0.37379688018826257,0.4004455511972676,0.010004414958295266,0.02644317898660048,0.020954464312045784,0.02456310334193984,0.023732225599140067,Supervised learning,MC dropout
2,0.35622656404183933,0.40642063022169594,0.44181303861588056,0.4615485823301099,0.5158213275442406,0.03922063823408278,0.031779468690788515,0.021471167051673845,0.0017230183348080907,0.02150017181222308,Skin Lesions,0.18899947538207382,0.21775077421215508,0.23448464264502186,0.2908592039221649,0.348419562291532,0.006446361862158384,0.02346239311323664,0.026813580060720182,0.007006241327195073,0.018785583359716307,Random,0.22057922115814,0.23008140289204712,0.24669780028056887,0.2926772642248253,0.3316185576032485,0.0119945634459864,0.017112376567320176,0.023149491720403093,0.003332688116480631,0.013683375856268776,0.2312042054294159,0.2624076325450856,0.3292396889437423,0.3872991894378716,0.42464644191043516,0.010004414958295266,0.029332497283377307,0.028055329685299613,0.008958625976527856,0.018107367093724624,Supervised learning,Entropy Based
3,0.35622656404183933,0.3978027761331491,0.3978027761331491,0.44187882376159465,0.49733570159857904,0.03922063823408278,0.014721475105850979,0.014721475105850979,0.018710988568650666,0.0203349536426205,Skin Lesions,0.18899947538207382,0.22468966377713998,0.24409811158589037,0.27979876876765286,0.32714808799688694,0.006446361862158384,0.015062052082152583,0.009437692460999292,0.00816426693451544,0.00145672042029521,Random,0.22057922115814,0.2373378836814182,0.25988277256847914,0.28223840085452573,0.3142743638361427,0.0119945634459864,0.008154538173055698,0.0025516426055974817,0.005133090996802092,0.001368213652510497,0.23120420542941586,0.29392570102882043,0.34400555578450254,0.38841253710582474,0.41757420861263855,0.010004414958295266,0.029904698715915,0.0120085278175312,0.014115080451193918,0.0026925705180418924,Supervised learning,Augmentations Based
4,0.4143806328531017,0.48858627721860404,0.49687520557858034,0.5451615025327281,0.5595026642984015,0.029780987052372032,0.011825234481216418,0.02014787557544051,0.009967697895488126,0.008172199278084102,Skin Lesions,0.22500482786820228,0.2953868833938758,0.31849423996054044,0.36417296323462195,0.39224734651614357,0.018295596533244585,0.010961389333749294,0.020631269187480983,0.010934523789808304,0.005200566607695412,ImageNet,0.23476827485845675,0.2950732044080271,0.307527436194393,0.34424439297663945,0.36932679436684124,0.01430797186755578,0.008351058974679637,0.017614439575891427,0.006460812488705614,0.003382275185654593,0.2686024346209441,0.3604505919554277,0.4105270745942217,0.4358455399792638,0.4558449400870594,0.03059112066444808,0.011383547876353262,0.017859512093599428,0.013077119195772091,0.015091370713146368,Supervised learning,Random
5,0.4143806328531017,0.4616801526215381,0.49713834616143676,0.5313466219327676,0.5597658048812577,0.029780987052372032,0.02503917807716277,0.044553691127613426,0.025282730149711052,0.009815443561024928,Skin Lesions,0.22500482786820228,0.26145752965870744,0.29975431452789675,0.3565278188471384,0.38388474888918633,0.018295596533244585,0.03834332802745616,0.043939275356747465,0.02773033762824345,0.020846517055903957,ImageNet,0.23476827485845675,0.2831111134289141,0.3000601391720348,0.34593726473224945,0.36300925775828397,0.01430797186755578,0.020628689835245573,0.029850394480641862,0.01879528207644071,0.01819361231538663,0.2686024346209441,0.34790080487576347,0.39386905700080727,0.44413350289176406,0.46474414240213663,0.03059112066444808,0.01156070498766526,0.01692535330478312,0.013735023563242021,0.014521213013783452,Supervised learning,MC dropout
6,0.4143806328531017,0.4143806328531017,0.5016117360699954,0.5583843168212618,0.5751595289783568,0.029780987052372032,0.029780987052372032,0.0423860590856634,0.003821205376345671,0.02684920608244168,Skin Lesions,0.22500482786820228,0.22500482786820228,0.311029919968775,0.38385121590840315,0.4095668601775945,0.018295596533244585,0.018295596533244585,0.0319856402690647,0.030918017680154897,0.03224874656526794,ImageNet,0.23476827485845675,0.23476827485845675,0.31231685262084957,0.36874603582675974,0.38843890041116413,0.01430797186755578,0.01430797186755578,0.022164528525958294,0.020977083208074676,0.02883994687135394,0.2686024346209441,0.2686024346209441,0.40855356451440983,0.45699573676597166,0.481609498675387,0.03059112066444808,0.03059112066444808,0.015735584486279874,0.01761507252243033,0.01089603204739198,Supervised learning,Entropy Based
7,0.4143806328531017,0.46121965660153935,0.5288467863956319,0.5655548977040984,0.5902243273468851,0.029780987052372032,0.01102720745585084,0.05444443204032523,0.022283012729350182,0.006107044518268601,Skin Lesions,0.22500482786820228,0.2857795594912029,0.35553384458302123,0.38188910691793687,0.4156049191743075,0.018295596533244585,0.026349990096892262,0.038170478834339716,0.01854488368237539,0.013102475596342533,ImageNet,0.23476827485845672,0.2946527615988338,0.3435797257601707,0.3640391015336319,0.38752829659799687,0.01430797186755578,0.030385483348290776,0.03509879160319085,0.016796249805920205,0.011578017617448588,0.2686024346209441,0.3592046779437213,0.4242404040723704,0.46644183449576143,0.48938602022985855,0.03059112066444808,0.034252120734723945,0.007161628660738828,0.007360488248554564,0.01287938368106295,Supervised learning,Augmentations Based
8,0.31340043418196173,0.4340339451351885,0.4627985000986777,0.5064633905664101,0.5270870337477798,0.057327423376457354,0.03394639015079587,0.01954317136479511,0.02321229472449937,0.012822314280249714,Skin Lesions,0.16832114704212467,0.249564353422632,0.2802664433801033,0.33103183587663554,0.34940965293458026,0.025691163560971092,0.01727682600319283,0.016015247611417538,0.009320025690229217,0.013952457181981681,Autoencoder,0.26012863995229796,0.30025589128013774,0.31904781847809865,0.34290555333873973,0.3565699929063204,0.08924146363262336,0.06626100673459415,0.05532509330169133,0.04220290519587411,0.035038640824612666,0.2245668869283321,0.3104591459712825,0.35601866014335865,0.40715801627538456,0.4226150357284415,0.02034848943058945,0.00940779401423536,0.009847898210031791,0.009782270718905695,0.0058705144130453135,Supervised learning,Random
9,0.3789224393132031,0.4166173278073811,0.4511545293072824,0.4511545293072824,0.4963489244128676,0.0019207362095908934,0.008109528482379998,0.008251767470669368,0.010206506917136593,0.002536577793857217,Skin Lesions,0.1831852830786594,0.24403412209431385,0.2737474766482441,0.2742461199235545,0.3336592182338998,0.00381429839593068,0.009803364806399931,0.01054595795608548,0.007364627579324659,0.00604207589430699,Autoencoder,0.19717201922267655,0.25263687451739103,0.2748095115020904,0.2802112640661536,0.3167635075469616,0.0031168197089948015,0.005208917764482425,0.00165651704513922,0.009278790837650912,0.010466572137654468,0.2369506615849102,0.3041567231689756,0.37985346399065306,0.4022981220138927,0.4223082756878873,0.003211600216278669,0.004431721174732441,0.004816772128176108,0.010690734888098241,0.006904424539477861,Supervised learning,MC dropout
10,0.3504045786461417,0.4417801460430235,0.45085849615156903,0.5174659561870929,0.5254588513913558,0.028517860667061412,0.011150582198539594,0.002072232089994075,0.014406946911387442,0.02239984211565027,Skin Lesions,0.15580784866744354,0.24501605104259883,0.2790349936310755,0.34443405401068716,0.3686310164514841,0.027377434411215845,0.0047910827992057314,0.004342910366358199,0.0024437444472998893,0.001545928543468189,Autoencoder,0.3056517177376517,0.3307568209912865,0.34349259853117053,0.36942927466136544,0.38431659806241697,0.10847969851497519,0.08337459526134039,0.07063881772145642,0.0447021415912614,0.029814818190209924,0.2131415911787934,0.33776762945973826,0.3724449310680719,0.43387542915649535,0.4412530613744223,0.023809070406116795,0.004710878316648848,0.003797759955539659,0.010258513350732468,0.005063967375418699,Supervised learning,Entropy Based
11,0.3504045786461417,0.396980461811723,0.45835800276297617,0.5274324057627788,0.5621669626998224,0.028517860667061412,0.018058022498519843,0.01036116044997043,0.02713637260706525,0.007598184329978275,Skin Lesions,0.15580784866744354,0.2296165391678911,0.29541993428407776,0.35089644075164395,0.3891392884671411,0.027377434411215845,0.019543144434334997,0.01599564994892072,0.027690194509092825,0.01055265320640425,Autoencoder,0.3056517177376517,0.32292898334100495,0.3463144169181973,0.388212079602438,0.388212079602438,0.10847969851497519,0.09120243291162194,0.06781699933442953,0.025919336650188862,0.025919336650188862,0.2131415911787934,0.33000978168799955,0.388870177149206,0.41411918155200994,0.44150795121005804,0.023809070406116795,0.01741333253804689,0.008852814305827628,0.007169329516000578,0.007014225990776279,Supervised learning,Augmentations Based
12,0.43763568186303536,0.47049536214722715,0.4891947898164595,0.5354253009670417,0.5551608446812709,0.023107658670084685,0.02389182998374445,0.02774138515200808,0.033016508830316926,0.0038849456650936753,Skin Lesions,0.22521596206461114,0.27916285580107936,0.3014736542035251,0.3525428326216129,0.3798944434544984,0.014913270749995183,0.026868980479360205,0.016258031679954044,0.0366224376767163,0.013056546327555096,SimCLR,0.23981949039722467,0.29164332313701413,0.30105303652553883,0.3431027599544223,0.36006581378399977,0.01453151278632675,0.014846734814289997,0.010908677290957292,0.023037856746530028,0.011385836698703466,0.2659094548191162,0.3633387930681794,0.4029876666049039,0.43880647079105684,0.46160071546298964,0.02066425535477595,0.022957065324526904,0.006406409805203461,0.022340182858325064,0.003959097243278864,Supervised learning,Random
13,0.43003749753305703,0.46029866456154195,0.48713900401289384,0.5164791790013815,0.5718044865469376,0.021932219035812994,0.012061128343656524,0.03999596197915106,0.04811129966928862,0.009167060326607746,Skin Lesions,0.22574993491839446,0.25210555819040853,0.3093671768934579,0.3501322977454939,0.39574558525366715,0.01718721476124735,0.007103516369323604,0.040276515081868525,0.047375810974407906,0.005669533650517811,SimCLR,0.24462376859918925,0.270191470298841,0.3083128847446888,0.3417233355612887,0.3786189000842726,0.01375604578520831,0.010968840814105374,0.03904563419005147,0.04258061084916587,0.012112095411626278,0.2659243434264618,0.3301954323660355,0.39335345348041767,0.43689744754212706,0.4698954064090412,0.023861008203217238,0.009999872976266755,0.012826048844990168,0.01894049180047841,0.010012871245508481,Supervised learning,MC dropout
14,0.43003749753305703,0.4654956910729557,0.4873363594500362,0.5199657917242286,0.5387803433984607,0.021932219035812994,0.00693151955009369,0.010655163006498936,0.00787005930069773,0.0010566659038359072,Skin Lesions,0.22574993491839446,0.27778741438345694,0.3027950498521345,0.3394964455999463,0.3804311639556683,0.01718721476124735,0.005067558954931828,0.024634237570166306,0.007895815428523412,0.009371883856856444,SimCLR,0.2446237685991893,0.2811783884853372,0.29942733762105345,0.33475808872379637,0.35688052820798893,0.01375604578520831,0.002207787525190741,0.014325604942823034,0.010099633579620515,0.009093891327849934,0.2659243434264618,0.34740765156287895,0.40419845857960685,0.4433000235363431,0.4806348184062819,0.023861008203217238,0.01843028009371228,0.009063219479093387,0.02062036039299603,0.018172403115509883,Supervised learning,Entropy Based
15,0.43003749753305714,0.4683244523386619,0.48602065653575427,0.5301624893099138,0.5408854680613118,0.021932219035812994,0.016106751031355948,0.01414579504196034,0.030009421269416303,0.022392281827088856,Skin Lesions,0.22574993491839446,0.26664902604763524,0.30613695116080203,0.3521867962652307,0.3721180408039187,0.01718721476124735,0.014960783269549638,0.002228581238020111,0.02562990180202729,0.01649502135850195,SimCLR,0.2446237685991893,0.27368322718517035,0.3040564973601086,0.3385820651411799,0.3488637547483331,0.01375604578520831,0.013826844850415465,0.00461780966306502,0.01969701181339495,0.013135877150310393,0.2659243434264618,0.3499787492239228,0.40219167309330395,0.4424455937660792,0.47866997749044043,0.023861008203217238,0.007534104875764114,0.013203436116062506,0.0090233818143316,0.015198963496267537,Supervised learning,Augmentations Based
16,0.36071047008547014,0.36071047008547014,0.49525908119658113,0.5022702991452991,0.5122195512820512,0.05017494585251925,0.05017494585251925,0.02334763052917349,0.015151554063763673,0.009694353872245931,Skin Lesions,0.19297646813885694,0.21291421875448668,0.290615979849824,0.30159885675865344,0.33087705828522035,0.02507762856241816,0.036461017650727484,0.013548143922452127,0.018494991162643415,0.008438791293946257,Random,0.21957313909238674,0.240281544686761,0.2984303308535659,0.3087855182778155,0.3330158332684799,0.016251813810651106,0.04068768575944223,0.007935478210736646,0.015087000699057274,0.007337889392252495,0.2470721127094914,0.27939192887514325,0.35917473426349306,0.38082313618278185,0.4229803108570598,0.01869388735723121,0.056340766684772836,0.022639735548299234,0.03795452406936922,0.019192983696042498,Semi-supervised learning,Random
17,0.36071047008547,0.42715010683760685,0.45078792735042733,0.5266426282051282,0.5444711538461539,0.05017494585251925,0.042776860049167253,0.022536032961366637,0.01745511000976796,0.011226292303124441,Skin Lesions,0.19297646813885694,0.2416822687140853,0.2923828003507902,0.3410396176001968,0.3611760826491777,0.02507762856241816,0.03842663912661523,0.007665540968951723,0.02177964814852673,0.013727151313277841,Random,0.21957313909238674,0.2656119600142421,0.3011693326883976,0.33047155301172143,0.3466249513071859,0.016251813810651106,0.023657162889113376,0.011066472248843773,0.017993428770488373,0.007642141894029397,0.24707211270949145,0.30240968561515275,0.3829127076931042,0.4241910821854451,0.4520168007057208,0.01869388735723121,0.05240576431061711,0.03906374444709654,0.03251381273911791,0.02707233074219606,Semi-supervised learning,MC dropout
18,0.36071047008547014,0.36304754273504275,0.44103899572649574,0.5018028846153846,0.5018028846153846,0.05017494585251925,0.05278495138689393,0.019370301904246046,0.020632688674741995,0.020632688674741995,Skin Lesions,0.19297646813885694,0.20409234338017604,0.2834907183819419,0.32713715960796846,0.3382106559159644,0.02507762856241816,0.03979511839162994,0.014055399659473,0.011990626798702608,0.015259339016068296,Random,0.21957313909238674,0.2335779830309058,0.30107477506326,0.3219833357628789,0.33478022921037653,0.016251813810651106,0.030619891913605646,0.016086779700861975,0.014584344757574197,0.02413593500800415,0.2470721127094914,0.2663407732482724,0.3576372075931791,0.41350242427691447,0.4195089144788351,0.01869388735723121,0.04085457977567264,0.04004777450566588,0.020194752462582843,0.02821720835060787,Semi-supervised learning,Entropy Based
19,0.36071047008547014,0.38054220085470086,0.4855101495726495,0.5108840811965812,0.5444711538461539,0.05017494585251925,0.07410637700646378,0.025369010993869512,0.042914225216944935,0.044241364626524504,Skin Lesions,0.1929764681388569,0.2270006192345612,0.2997769218388939,0.32526412376110586,0.3529767685904514,0.02507762856241816,0.05233415018839335,0.014657711335378742,0.029966074038179857,0.02595798139533234,Random,0.21957313909238674,0.2560567035654963,0.30532018847007286,0.32556037348921735,0.34121226622729434,0.016251813810651106,0.042063169930867006,0.010537632381796835,0.021497899586782665,0.020746999314300907,0.2470721127094914,0.2903760852237444,0.3709751388663261,0.40175099185105095,0.4246395608892172,0.01869388735723121,0.050507359117828554,0.026028520832363067,0.031464885688570476,0.021666001548773073,Semi-supervised learning,Augmentations Based
20,0.3914930555555556,0.5109508547008547,0.5579594017094017,0.5798611111111112,0.5973557692307693,0.043284169792362936,0.031547071249998504,0.00426619467012912,0.028592005964218292,0.01849107717641385,Skin Lesions,0.21490558945074523,0.31978014313112113,0.3771920091775997,0.392445330370598,0.41739819427799735,0.02833856343570021,0.010390950837573354,0.005017644579831837,0.02530380262306764,0.020407364954959317,ImageNet,0.24900601342554643,0.32026642051971743,0.3609084864097995,0.37620112812166856,0.3943535252431249,0.0199802701955126,0.002420915466983309,0.0029797716514329275,0.019417397616127874,0.012851865594327827,0.3220180029433551,0.40297984419450206,0.4553528134939902,0.4795743574229767,0.5144911202094596,0.00878924716973295,0.004549592235065736,0.013762073983232037,0.017810027016342878,0.008364270739966484,Semi-supervised learning,Random
21,0.3914930555555556,0.5243055555555556,0.5673076923076922,0.579727564102564,0.5970219017094016,0.043284169792362936,0.011251682211426473,0.007089950186129124,0.013557817014136164,0.010943116011724374,Skin Lesions,0.21490558945074523,0.3187223785037366,0.38107755931028797,0.40642759014293683,0.423569270678721,0.02833856343570021,0.007910238205732334,0.014941607005850455,0.015042962273992933,0.00679454352364206,ImageNet,0.24900601342554643,0.3232732325559982,0.36485641281283154,0.39258337829301304,0.40916822725026575,0.0199802701955126,0.004351722212195097,0.01185574599460365,0.013466339597308197,0.007013432156578736,0.3220180029433551,0.417122922276818,0.4737648348570444,0.5101611138553722,0.5285037746967689,0.00878924716973295,0.015162477234108629,0.019647834133105946,0.013960349816928896,0.006229967736338549,Semi-supervised learning,MC dropout
22,0.3914930555555556,0.5200320512820512,0.5395299145299145,0.5805956196581197,0.615718482905983,0.043284169792362936,0.008360832033136645,0.010978506364617835,0.016402921857953334,0.018150360125898213,Skin Lesions,0.21490558945074523,0.3180680690428494,0.3444661126249495,0.3855802964166852,0.4305872293982125,0.02833856343570021,0.0008565271257205964,0.006814304443169772,0.014545965041043551,0.01029439874850363,ImageNet,0.24900601342554643,0.3210180026010078,0.3459386467151866,0.37349635713713686,0.40674830731494227,0.0199802701955126,0.0078064616022582856,0.0059666495681395815,0.007669084348647326,0.011542289610332046,0.3220180029433551,0.40302449873658547,0.4473251184166585,0.472549214938327,0.5092814302427575,0.00878924716973295,0.008013238401422207,0.015669992557888757,0.00884853448600842,0.008673733541308404,Semi-supervised learning,Entropy Based
23,0.3914930555555556,0.5284455128205128,0.5855368589743589,0.6331463675213674,0.6454326923076924,0.043284169792362936,0.024370591057337965,0.02839185531494648,0.006716631256265759,0.004692234532788664,Skin Lesions,0.21490558945074523,0.3260673166468591,0.3881195507185174,0.44045732020125633,0.4589052506637398,0.02833856343570021,0.007253952254799523,0.02818823876382598,0.00955868538061816,0.013982575654598761,ImageNet,0.24900601342554643,0.32160403918041125,0.3735905680666615,0.4218878389924325,0.4379841009144532,0.0199802701955126,0.004730218371558348,0.02725230828841213,0.008341939836430445,0.014744281734307474,0.3220180029433551,0.41706104029620167,0.4661501567677279,0.505066559156789,0.520292941880868,0.00878924716973295,0.015145986151710089,0.023056439142134677,0.010050061679060585,0.0014879498067660313,Semi-supervised learning,Augmentations Based
24,0.4154647435897436,0.5340544871794872,0.5637019230769231,0.5665064102564102,0.5743189102564102,0.009054617272832938,0.006717710452381679,0.00582069330063511,0.010332716807438327,0.002361731399996624,Skin Lesions,0.15822190862466762,0.2739576131598773,0.3389642125971626,0.3593042030126116,0.3745605006964341,0.0012890568909690618,0.005163521698738666,0.005275347868668205,0.0023433613849513117,0.008503540063023677,Autoencoder,0.2743663785193876,0.3254491073918281,0.37242886869350517,0.3748622884837689,0.3815967237826041,0.007505379044433047,0.009406345377516986,5.551115123125783e-17,0.005618178771064807,0.008410004580062351,0.2779824552507431,0.3529883982103568,0.400844399043127,0.4508868337190975,0.4812612158508418,0.010613075607464904,0.0072724267648349985,5.551115123125783e-17,0.005341832259185322,0.004199551923254592,Semi-supervised learning,Random
25,0.4154647435897436,0.5340544871794872,0.5637019230769231,0.5665064102564102,0.5743189102564102,0.0014120560602763834,0.007487960211622059,0.008741254650431214,0.0049968612031768495,0.008228339354270236,Skin Lesions,0.17308604466120234,0.301298970939343,0.3550707214306353,0.3550707214306353,0.3733437400234345,0.00545040911072983,0.009286134781745326,0.0077519167916609314,0.008904146903565849,0.008392584289971021,Autoencoder,0.21140975778976626,0.29279899364447515,0.33960578514288714,0.33960578514288714,0.36292247703894337,0.01099028664447093,0.005895780418481848,0.006535067835353488,0.009354200359995162,0.004281104673634476,0.2903662299073212,0.37337884057003007,0.4597492418468902,0.46832573297750085,0.4860679079825196,0.006708130242914349,5.551115123125783e-17,0.0018064667351319866,5.551115123125783e-17,0.0066959558407322746,Semi-supervised learning,MC dropout
26,0.4154647435897436,0.5340544871794872,0.5637019230769231,0.5665064102564102,0.5743189102564102,0.007565382195530409,0.005757130907211003,0.007497303629566251,0.008981851672299285,0.003883028928417426,Skin Lesions,0.1457086102499865,0.338079292217246,0.338079292217246,0.34616313451896924,0.38965138567210217,0.0062881201468877185,0.009311248682924027,0.009526074114249019,5.551115123125783e-17,5.551115123125783e-17,Autoencoder,0.3198894563047414,0.4170065487338375,0.4170065487338375,0.4170065487338375,0.4170065487338375,0.005807139790401736,5.551115123125783e-17,5.551115123125783e-17,5.551115123125783e-17,5.551115123125783e-17,0.2665571595012044,0.4721896935753797,0.4721896935753797,0.4721896935753797,0.4721896935753797,0.008660580889554636,0.005182083768052435,0.006715112704989201,0.007133081072224206,0.0015915174878421581,Semi-supervised learning,Entropy Based
27,0.4154647435897436,0.5340544871794872,0.5637019230769231,0.5665064102564102,0.5743189102564102,0.007951429670010174,0.007650332770694414,0.006532451597387796,0.0014296509831741746,0.010649667416513166,Skin Lesions,0.1457086102499865,0.2699042963235473,0.3280056404195739,0.4094646540349634,0.43243961995657343,0.009331093410265931,0.00930994443669678,0.009539805923913718,0.0014396266711392582,0.01026497928511361,Autoencoder,0.3198894563047414,0.3498802609225824,0.3763252592246881,0.44606081706123857,0.44606081706123857,0.010898620366487175,0.007856445370386487,0.006545548012610928,0.003594498338575426,0.0018570495282622338,0.2665571595012044,0.38786614404048,0.43077992984456354,0.45274390621303756,0.4724148728610675,0.005968881544522434,5.551115123125783e-17,5.551115123125783e-17,5.551115123125783e-17,0.0070385987590214595,Semi-supervised learning,Augmentations Based
28,0.4154647435897436,0.5340544871794872,0.5637019230769231,0.5665064102564102,0.5743189102564102,0.010790272972413632,0.0053386157705341926,0.005625494493791734,0.0013609958015586635,0.0012906639996126514,Skin Lesions,0.2151167236471541,0.3035561155383247,0.3601714234205844,0.3808151997575889,0.4050452912163522,0.006957674079822791,0.008357233235529454,0.007831119662758797,0.005993286987157027,0.003701160552376607,SimCLR,0.2540572289643144,0.3168365392487045,0.3544340867409453,0.3750594950994514,0.3850925446602835,0.0029193393551394478,0.009825024355042442,0.00311436088873062,0.006490923706823294,5.551115123125783e-17,0.3193250231415272,0.4058680453072537,0.44781340550467236,0.4825352882347698,0.5202468955853898,0.009902598902660754,0.004503479047818696,5.551115123125783e-17,0.009436028848315216,0.009208846724964546,Semi-supervised learning,Random
29,0.4154647435897436,0.5340544871794872,0.5637019230769231,0.5665064102564102,0.5743189102564102,0.008072394883355451,0.005312644174898363,0.00914779989346641,0.006875695101594801,0.0046632467515229205,Skin Lesions,0.2156506965009374,0.3093704070354377,0.3906904216758491,0.4000320690412924,0.4354301070432018,0.007925729934847412,0.0059903559932588165,0.010322807467703827,0.005824588521611412,5.551115123125783e-17,SimCLR,0.2588615071662789,0.3103535894259251,0.3731091583854856,0.38836944912205223,0.42477786957625446,0.010747386232989754,0.008591942869620249,0.005885298485384805,5.551115123125783e-17,5.551115123125783e-17,0.31933991174887283,0.39941754976709004,0.4732492313366548,0.5029250585057352,0.5336550387036735,0.005969493031019217,5.551115123125783e-17,0.006111306938936523,0.005626037542710773,0.004550502442108601,Semi-supervised learning,MC dropout
30,0.4154647435897436,0.5340544871794872,0.5637019230769231,0.5665064102564102,0.5743189102564102,0.0099691420878841,0.0017905818208473747,0.0020977715935495437,0.004191990250655135,0.007073410719232309,Skin Lesions,0.2156506965009374,0.370850655558104,0.370850655558104,0.370850655558104,0.40145153317628623,0.01097611500416212,0.008976193801499215,0.007296565294150314,0.006303399625457791,0.007049508798428139,SimCLR,0.258861507166279,0.3674281162278883,0.3674281162278883,0.3674281162278883,0.3751899351117671,0.0073471483781651255,0.006318038171180012,0.008830988868129674,0.003681389435453265,0.005234032253084027,0.31933991174887283,0.4818297156785203,0.4818297156785203,0.4818297156785203,0.5083067499736524,0.010126456883045677,0.010430287247387853,0.0035978347315186645,0.0031363686097525324,0.00621314215654947,Semi-supervised learning,Entropy Based
31,0.4154647435897436,0.5340544871794872,0.5637019230769231,0.5665064102564102,0.5743189102564102,0.007711843207600282,0.009780914885409997,0.006034847865697888,0.006214373786551006,0.004921846882641831,Skin Lesions,0.2156506965009374,0.3069367832032915,0.3387226572962982,0.41075500954855015,0.4154183722933511,0.0039447929990395775,0.007123304684358342,0.005543114114494823,0.0031265878903994596,0.009900926521696218,SimCLR,0.258861507166279,0.3006345047667478,0.3340673396665994,0.3964308025999805,0.3993195590647895,0.0016736102162093094,0.004773650674308344,0.006552225498300515,0.005479367331015099,5.551115123125783e-17,0.31933991174887283,0.4078351115764032,0.4441014257886615,0.4810703184271068,0.50957689914145,0.0067229091538799895,0.007990614142571795,0.007351804005890228,0.0059694830556750456,0.004207024132198141,Semi-supervised learning,Augmentations Based
32,0.5720119793084671,0.7764769942826028,0.8718577003357838,0.8900081677103184,0.8930937471639894,0.13914135740724604,0.11339256636511019,0.011019591060285383,0.01688871485899357,0.02118401379503243,White blood cells,0.28078983108842154,0.39677115060488705,0.497508817568288,0.5614864476976239,0.584770308191898,0.10519232955849528,0.020167056044521403,0.014982778546294762,0.010841054596921973,0.028039403171794763,Random,0.7269166686850014,0.7370824247799362,0.7370824247799362,0.7370824247799362,0.7370824247799362,0.01718063325990349,0.03136064670830263,0.03136064670830263,0.03136064670830263,0.03136064670830263,0.34926019127989066,0.4404480473970891,0.5699442683372429,0.6450217241924865,0.6773760556214299,0.07579243329045077,0.024963809924386238,0.03463064772409441,0.04456755026956005,0.02275525616778551,Supervised learning,Random
33,0.5720119793084671,0.8498048824757237,0.8770305835375262,0.8891913966784645,0.9007169434612942,0.13914135740724604,0.04023656097773198,0.014458416687029185,0.025681788931716576,0.013818812771619782,White blood cells,0.28078983108842154,0.46158117710109003,0.5047365903220836,0.5689482978974764,0.5750119372548538,0.10519232955849528,0.026746403792199724,0.028081808066916347,0.050833839018138094,0.047863500505125445,Random,0.7269166686850014,0.7360882027118999,0.7360882027118999,0.7510265503341227,0.7510265503341227,0.01718063325990349,0.018219875534734475,0.018219875534734475,0.03022546847231833,0.03022546847231833,0.34926019127989066,0.5015067803097798,0.5669174705898883,0.6308114054025468,0.6557370707878544,0.07579243329045077,0.038924494712975655,0.05837067530148832,0.025285978024104483,0.0446922326211755,Supervised learning,MC dropout
34,0.5720119793084671,0.8211271440239587,0.8967238406388965,0.8975406116707506,0.8975406116707506,0.13914135740724604,0.054998611692748,0.0100902560394045,0.009520780905275195,0.009520780905275195,White blood cells,0.28078983108842154,0.42912250533065405,0.5187966948263086,0.6099902936982858,0.6099902936982858,0.10519232955849528,0.030961778115828065,0.01751703717351849,0.03991304249285432,0.03991304249285432,Random,0.7269166686850014,0.7744603784904549,0.7744603784904549,0.7744603784904549,0.7744603784904549,0.01718063325990349,0.03739362596446549,0.03739362596446549,0.03739362596446549,0.03739362596446549,0.34926019127989066,0.4858495757013261,0.5876457880542718,0.694526943127121,0.7200302383246724,0.07579243329045077,0.02314778565220016,0.02916838920169007,0.045079628361354596,0.019168484772207894,Supervised learning,Entropy Based
35,0.5720119793084671,0.8417279244940556,0.8677738451765133,0.8837462564661039,0.8859243125510482,0.13914135740724604,0.037129131272680804,0.010245774046577116,0.009899079206478478,0.012868284560954568,White blood cells,0.28078983108842154,0.4712738111467158,0.5507334231281745,0.5975735498730884,0.5994357633944432,0.10519232955849528,0.002235761125431668,0.034687860042607155,0.021475466625512474,0.020381639300388388,Random,0.7269166686850014,0.7269166686850014,0.7269166686850014,0.7269166686850014,0.7269166686850014,0.01718063325990349,0.01718063325990349,0.01718063325990349,0.01718063325990349,0.01718063325990349,0.34926019127989066,0.5714615808018916,0.6439631117294077,0.6888622072425884,0.7194775419203033,0.07579243329045077,0.04107907337263339,0.03352820395150424,0.034510731047504684,0.031120847046381295,Supervised learning,Augmentations Based
36,0.8047009710500045,0.8665940647971685,0.8665940647971685,0.8971776023232598,0.8993556584082039,0.056908589980904645,0.009454808251666336,0.009454808251666336,0.007601557887783605,0.009117787518000742,White blood cells,0.4067010346197662,0.47645691923765815,0.4947709219175711,0.5653730865815166,0.5789383235739752,0.025148120153281217,0.019735402897750387,0.033775657864403175,0.0202593018190651,0.033437574135340986,ImageNet,0.7831734589536198,0.7831734589536198,0.7831734589536198,0.7831734589536198,0.7831734589536198,0.07183999854631884,0.07183999854631884,0.07183999854631884,0.07183999854631884,0.07183999854631884,0.4256924597025212,0.5668024111949369,0.6078631998459204,0.6868671925933207,0.6951908946133353,0.02350633224655807,0.022765666536492257,0.020607380610179638,0.04736467200113226,0.04612312549593045,Supervised learning,Random
37,0.8047009710500045,0.869225882566476,0.869225882566476,0.9024412378618748,0.9024412378618748,0.056908589980904645,0.029932041352479954,0.029932041352479954,0.01135528982275491,0.01135528982275491,White blood cells,0.4067010346197663,0.5226691654058775,0.5562139421078028,0.6453270416800828,0.6559839676149855,0.025148120153281217,0.024086210854652512,0.04966461376678588,0.06826101056190437,0.06558685033416511,ImageNet,0.7831734589536197,0.7831734589536197,0.7831734589536197,0.8113495231310899,0.8113495231310899,0.07183999854631884,0.07183999854631884,0.07183999854631884,0.032332116235820774,0.032332116235820774,0.4256924597025211,0.6370678847028369,0.6795010107964478,0.7494495358843366,0.7755803113332806,0.02350633224655807,0.07129194973788755,0.018980893386176922,0.04269641983382921,0.011268066454766634,Supervised learning,MC dropout
38,0.8047009710500045,0.865323532080951,0.8704964152826936,0.8837462564661042,0.9103366911697975,0.056908589980904645,0.01467215795312804,0.01862038039088476,0.020601779920928598,0.006432542026198029,White blood cells,0.4067010346197662,0.5110846303979595,0.5287451388036569,0.6093345641175479,0.6445616563365721,0.025148120153281217,0.03173289642302085,0.025910693268324403,0.03291028768308513,0.034087649306472234,ImageNet,0.7831734589536198,0.7831734589536198,0.7831734589536198,0.8003504595480253,0.8003504595480253,0.07183999854631884,0.07183999854631884,0.07183999854631884,0.04768767614435432,0.04768767614435432,0.4256924597025212,0.6003572726961676,0.6502186451178432,0.7016092922796457,0.75251655599878,0.02350633224655807,0.04928357424515706,0.025934580521170703,0.038372913168516654,0.04142368050972289,Supervised learning,Entropy Based
39,0.8047009710500045,0.8392776113984936,0.8392776113984936,0.8956348125964243,0.922769761321354,0.056908589980904645,0.07962213050484268,0.07962213050484268,0.01302730750637393,0.017328231335233424,White blood cells,0.4067010346197663,0.5046003187383612,0.5273902210966571,0.6154126209721397,0.6737959994417685,0.025148120153281217,0.037613375618703426,0.06290887518961447,0.005652510468670879,0.053482468116872406,ImageNet,0.7831734589536197,0.7831734589536197,0.7831734589536197,0.7831734589536197,0.7831734589536197,0.07183999854631884,0.07183999854631884,0.07183999854631884,0.07183999854631884,0.07183999854631884,0.4256924597025211,0.5959719430141334,0.6402541737098045,0.733620641744776,0.7801536851613312,0.02350633224655807,0.04801360648199271,0.043909251273293703,0.019460035181851243,0.028856258797027357,Supervised learning,Augmentations Based
40,0.5995099373808875,0.7938106906252836,0.8545240039931028,0.8688628732189855,0.8994464107450767,0.18835082903559064,0.08069633292124723,0.028454294990452267,0.041885325112805516,0.022281131101431706,White blood cells,0.27683288774836395,0.4120687384677845,0.4893250825564066,0.5146897171605805,0.5759959119703749,0.08047885612765787,0.0708096917491714,0.035355871731282684,0.05578212732094556,0.05312639881491554,Autoencoder,0.6439424432226653,0.6439424432226653,0.6690422019170875,0.7028582330548732,0.7028582330548732,0.006304687386485042,0.006304687386485042,0.03283775722929472,0.0476531828660548,0.0476531828660548,0.3467802969531604,0.4734503777462736,0.5735853894821256,0.6067530065961376,0.6526149263657479,0.0679400318644327,0.07319060506160208,0.015764327375986875,0.028917503306970516,0.05762061464988222,Supervised learning,Random
41,0.6830928396406207,0.6830928396406207,0.8143207187585079,0.8143207187585079,0.8679553498502587,0.0046086111786990186,0.009094947825898318,1.1102230246251565e-16,1.1102230246251565e-16,0.005257954530074111,White blood cells,0.27683288774836395,0.47687876496398757,0.49655285531020227,0.522151567360433,0.5662375410333307,0.0025389047647305877,5.551115123125783e-17,5.551115123125783e-17,0.00927211818199674,0.004749391090761128,Autoencoder,0.6439424432226653,0.6439424432226653,0.6680479798490512,0.7168023586090596,0.7168023586090596,0.010204345626957718,0.0012308783939018989,0.009787532276502989,0.009794806768271675,0.007103057021715383,0.3467802969531604,0.5345091106589643,0.570558591734771,0.5925426878061979,0.6309759415321724,0.00809844704498496,0.007684222774809135,0.006954825736351816,0.009694175400233207,0.010213651270508422,Supervised learning,MC dropout
42,0.6830928396406207,0.6830928396406207,0.8143207187585079,0.8143207187585079,0.8679553498502587,0.006689235362151074,0.007785706506102004,1.1102230246251565e-16,1.1102230246251565e-16,0.0017304094364075885,White blood cells,0.27683288774836395,0.4444200931935515,0.5106129598144272,0.5631935631612425,0.6012158974767627,0.005394795247613576,0.0019592202946312923,0.0012253520378995122,0.008764223275822124,0.008025268708306018,Autoencoder,0.6439424432226653,0.6813203969331839,0.7064201556276061,0.7402361867653918,0.7402361867653918,0.007865178513608968,0.0057736001623378075,1.1102230246251565e-16,0.0032606467596509718,0.0034494772134629364,0.3467802969531604,0.5188519060505106,0.5912869091991545,0.6562582255307722,0.6952691090689904,0.008837778046403764,0.010958060070849998,0.005320754987433708,0.00639878481028898,0.0032776809931643128,Supervised learning,Entropy Based
43,0.5995099373808875,0.840275887104093,0.8584263544786279,0.866503312460296,0.8747617751157093,0.18835082903559064,0.033754257818688016,0.013406181433555653,0.007857286803489738,0.017408843633844095,White blood cells,0.27683288774836395,0.48473356560189207,0.520107139903899,0.5479434200022161,0.5684404572941523,0.08047885612765787,0.006659093297504415,0.02743047108433888,0.006174502845025187,0.034896573102505046,Autoencoder,0.6439424432226653,0.6439424432226653,0.6548056482773473,0.6565653880301522,0.6565653880301522,0.006304687386485042,0.006304687386485042,0.013413942651366528,0.011490816577255258,0.011490816577255258,0.3467802969531604,0.5723031920129488,0.611576041147845,0.6751735286549989,0.6981878637621319,0.0679400318644327,0.024418286312162474,0.055095777989040084,0.0450361008632173,0.026006844689958397,Supervised learning,Augmentations Based
44,0.6545058535257283,0.8471730647064163,0.8683183591977494,0.8771213358743988,0.8861965695616663,0.08223543924848065,0.033033601301105886,0.014584326901417533,0.010671023914938682,0.013830727597743953,White blood cells,0.30034900815022697,0.45222198850172557,0.5253867798574272,0.5656909930710698,0.5671346809164602,0.052136738733030735,0.041228001233751976,0.04499878611659447,0.01866086637986264,0.016939625169178574,SimCLR,0.6908491320271942,0.7019197698281759,0.7019197698281759,0.7019197698281759,0.7019197698281759,0.026551295334652836,0.020492561678572385,0.020492561678572385,0.020492561678572385,0.020492561678572385,0.3885438060591304,0.5397150443058013,0.6176258679320429,0.6500753484473488,0.6753850531089967,0.04987839127731131,0.047152471574980925,0.01643249677470715,0.013585322508958164,0.012278270711572836,Supervised learning,Random
45,0.6545058535257283,0.8389146020510028,0.8841092658135947,0.8841092658135947,0.8986296397132226,0.08223543924848065,0.013178164305266304,0.012082677655214202,0.012082677655214202,0.01853792811692423,White blood cells,0.30034900815022697,0.48593193119719036,0.5680724192534784,0.5695289992499785,0.6342800513914733,0.052136738733030735,0.017777704112030668,0.014754416259844083,0.016808499404422972,0.03975202987989446,SimCLR,0.6908491320271942,0.6908491320271942,0.7094431691590685,0.7094431691590685,0.7233466558718691,0.026551295334652836,0.026551295334652836,0.03016807213127992,0.03016807213127992,0.010671481027585528,0.3885438060591304,0.5748916357896061,0.6524711777867251,0.6789829324479412,0.7303221473966679,0.04987839127731131,0.006451205771381696,0.007556649585282904,0.04259524861930308,0.02601321487133168,Supervised learning,MC dropout
46,0.6545058535257283,0.8897359106997005,0.8897359106997005,0.8897359106997005,0.8926399854796262,0.08223543924848065,0.007729414411423052,0.007729414411423052,0.007729414411423052,0.01162409553232635,White blood cells,0.30034900815022697,0.5022686865654745,0.562134103008724,0.562134103008724,0.5968376375673953,0.052136738733030735,0.022047548174281617,0.043636878539178414,0.043636878539178414,0.015842086959359958,SimCLR,0.6908491320271942,0.700934414509386,0.700934414509386,0.700934414509386,0.7212196522517322,0.026551295334652836,0.020626172875144122,0.020626172875144122,0.020626172875144122,0.033095959457371094,0.3885438060591304,0.5474801076763739,0.6634797472669036,0.6980499073138519,0.7373038582851672,0.04987839127731131,0.029885041804897705,0.027652817225083504,0.06599433279172295,0.04620226497026747,Supervised learning,Entropy Based
47,0.6545058535257283,0.8282965786368998,0.8282965786368998,0.8981758780288592,0.9013522098194029,0.08223543924848065,0.10368580587010467,0.10368580587010467,0.01361829458252084,0.011073272741751294,White blood cells,0.30034900815022697,0.5154777521034842,0.5223296882245098,0.5750389053869122,0.5750389053869122,0.052136738733030735,0.032786852942534195,0.03658100306877504,0.02900795869113837,0.02900795869113837,SimCLR,0.6908491320271942,0.7454233559090997,0.7454233559090997,0.7454233559090997,0.7454233559090997,0.026551295334652836,0.012788889522094116,0.012788889522094116,0.012788889522094116,0.012788889522094116,0.3885438060591304,0.5792098698311966,0.614834941058399,0.6875958877215176,0.7052429469561196,0.04987839127731131,0.054910505911876184,0.03112936597115923,0.0618397616751204,0.04153344925470526,Supervised learning,Augmentations Based
48,0.7518601190476191,0.8087797619047619,0.8923921130952381,0.8923921130952381,0.90234375,0.030887779478656174,0.050209950574396256,0.018678689004559934,0.018678689004559934,0.015735881547777164,White blood cells,0.3646169331201618,0.4420245279721248,0.5814952534403824,0.5814952534403824,0.6373258613046827,0.01523249358258677,0.09487820832159555,0.0731297914156841,0.0731297914156841,0.02804450108597689,Random,0.6635072249841224,0.6635072249841224,0.6961906364371943,0.6961906364371943,0.6961906364371943,0.09288265233859494,0.09288265233859494,0.06179310725206444,0.06179310725206444,0.06179310725206444,0.4206536306076211,0.49535450945229553,0.6893116067851278,0.7071157783592238,0.7380216517456438,0.020941939403894605,0.11125614965418562,0.07700941345008872,0.08813398367980774,0.057711358545671554,Semi-supervised learning,Random
49,0.7518601190476191,0.8141741071428571,0.8829985119047619,0.8943452380952381,0.8943452380952381,0.030887779478656174,0.057808567761333696,0.00897013360950849,0.013245432185853279,0.013245432185853279,White blood cells,0.3646169331201618,0.44906083141449876,0.5629534842824111,0.5844307294215493,0.5844307294215493,0.01523249358258677,0.06979801500587274,0.02640892506069492,0.020814331383516405,0.020814331383516405,Random,0.6635072249841224,0.6635072249841224,0.6921709425816784,0.6921709425816784,0.6921709425816784,0.09288265233859494,0.09288265233859494,0.06628310380778701,0.06628310380778701,0.06628310380778701,0.4206536306076211,0.49223930184145887,0.6201982805348135,0.6577954183134066,0.6810190716819163,0.020941939403894605,0.04913776052573543,0.0324073435156792,0.039773416518643634,0.05475696578778955,Semi-supervised learning,MC dropout
50,0.7518601190476191,0.7518601190476191,0.7897135416666666,0.8412388392857143,0.8561197916666666,0.030887779478656174,0.030887779478656174,0.0235097266735258,0.06920242869531334,0.06831678145419051,White blood cells,0.3646169331201618,0.3646169331201618,0.46217437582073,0.5908816952967614,0.6148297936194067,0.01523249358258677,0.01523249358258677,0.08167488461965128,0.09716717776966416,0.09878444718351842,Random,0.6635072249841224,0.6635072249841224,0.6833035363912866,0.7248758325953614,0.7248758325953614,0.09288265233859494,0.09288265233859494,0.094159717173397,0.04292451587242707,0.04292451587242707,0.4206536306076211,0.4206536306076211,0.5216828711488052,0.7151482278558206,0.7229216321942271,0.020941939403894605,0.020941939403894605,0.0861080681280707,0.06913492591182768,0.06129254682118779,Semi-supervised learning,Entropy Based
51,0.7518601190476191,0.8182663690476191,0.8424479166666666,0.8643043154761904,0.9069940476190476,0.030887779478656174,0.03597226894746586,0.044898087676899845,0.060124877474362015,0.0013919856349604576,White blood cells,0.3646169331201618,0.44553495803965015,0.49850435564537837,0.5598457933400793,0.643468191017407,0.01523249358258677,0.05038506009949628,0.0895096899461425,0.1092190902255113,0.03435304888903168,Random,0.6635072249841224,0.6635072249841224,0.6635072249841224,0.701740874499909,0.701740874499909,0.09288265233859494,0.09288265233859494,0.09288265233859494,0.05853356501010909,0.05853356501010909,0.4206536306076211,0.5387522483416106,0.5846242969391809,0.6923372841963221,0.7588110802516409,0.020941939403894605,0.10340397243313049,0.10981715040862677,0.10319790926866057,0.049634952213813976,Semi-supervised learning,Augmentations Based
52,0.8453311011904763,0.8973214285714285,0.916015625,0.916015625,0.9168526785714285,0.03243681760783379,0.017092358521851203,0.004848813392015261,0.004848813392015261,0.00400465962455554,White blood cells,0.4469972036304522,0.5229411506652621,0.6075357896041729,0.616496498254797,0.631344638179126,0.017744936752918272,0.04154937407342385,0.03865231592551788,0.02714066269183102,0.014171588702333371,ImageNet,0.7767141920246757,0.7767141920246757,0.7767141920246757,0.7767141920246757,0.7767141920246757,0.026837796487186205,0.026837796487186205,0.026837796487186205,0.026837796487186205,0.026837796487186205,0.49185970293892556,0.556980951620873,0.6717791723578976,0.6812115765348272,0.7632543313979109,0.022786930878541334,0.02529010886513694,0.03723018815026735,0.025170762153880144,0.03415874476663028,Semi-supervised learning,Random
53,0.8453311011904763,0.8760230654761904,0.9010416666666666,0.9076450892857143,0.9076450892857143,0.03243681760783379,0.0033040029144961736,0.018185934066048404,0.011846490571496004,0.011846490571496004,White blood cells,0.4469972036304522,0.5118024802768636,0.5956867223390292,0.6361393160106803,0.6361393160106803,0.017744936752918272,0.029302684334931217,0.047702191746529676,0.010587511633329938,0.010587511633329938,ImageNet,0.7767141920246757,0.7767141920246757,0.7767141920246757,0.7855406705095317,0.7855406705095317,0.026837796487186205,0.026837796487186205,0.026837796487186205,0.01876897574956038,0.01876897574956038,0.49185970293892556,0.6521765015445401,0.7206923347398028,0.7467735992617625,0.7617749612691197,0.022786930878541334,0.02312486264487168,0.06787388306928765,0.03702957690995701,0.027252384448554823,Semi-supervised learning,MC dropout
54,0.8453311011904763,0.8844866071428571,0.8995535714285715,0.8995535714285715,0.8995535714285715,0.03243681760783379,0.012321094958604673,0.015082457312209363,0.015082457312209363,0.015082457312209363,White blood cells,0.4469972036304522,0.5501630713811002,0.6137260029501903,0.6433807982903416,0.6433807982903416,0.017744936752918272,0.039821536903904886,0.037988761499571755,0.02693168011857694,0.02693168011857694,ImageNet,0.7767141920246757,0.7767141920246757,0.7767141920246757,0.7767141920246757,0.7767141920246757,0.026837796487186205,0.026837796487186205,0.026837796487186205,0.026837796487186205,0.026837796487186205,0.49185970293892556,0.6281058913848089,0.7400555605724822,0.7520360171765401,0.7554203946302344,0.022786930878541334,0.03418769926652909,0.04793491983983711,0.0460212082187228,0.05006318206187321,Semi-supervised learning,Entropy Based
55,0.8453311011904763,0.9027157738095237,0.9027157738095237,0.9207589285714285,0.923735119047619,0.03243681760783379,0.02346885008836841,0.02346885008836841,0.00953843945838273,0.0053831086787529125,White blood cells,0.4469972036304522,0.5761001251670389,0.6379404899409328,0.6673043082571554,0.69796755431272,0.017744936752918272,0.032911240376348294,0.016663996530579483,0.03744554970089675,0.028375031783836935,ImageNet,0.7767141920246757,0.7767141920246757,0.7767141920246757,0.7767141920246757,0.7767141920246757,0.026837796487186205,0.026837796487186205,0.026837796487186205,0.026837796487186205,0.026837796487186205,0.49185970293892556,0.6654642531240587,0.7634393335540538,0.8111016143597212,0.8246229030711065,0.022786930878541334,0.022465875640963473,0.039499783157835866,0.055051434190392046,0.03596577783613786,Semi-supervised learning,Augmentations Based
56,0.7587425595238096,0.8891369047619048,0.8936011904761904,0.8936011904761904,0.8977864583333334,0.12344353206507741,0.021041145063877442,0.02414682431417592,0.02414682431417592,0.028054209162329036,White blood cells,0.410888640258422,0.5713472106600149,0.6080662411999292,0.6084040200960479,0.6332351248411358,0.0975873173291329,0.08110136818532437,0.06223257127752668,0.06229912503840063,0.05877089263762014,Autoencoder,0.6441426173413423,0.6744521166615426,0.67590150417795,0.67590150417795,0.67590150417795,0.051316870157789074,0.046566695183486995,0.044523254631939735,0.044523254631939735,0.044523254631939735,0.5092489062173956,0.6463128880919778,0.6878810490149823,0.7055065772957466,0.7394341523455953,0.12866501619185144,0.07914955703928361,0.05147820002456682,0.03754215034286246,0.04343218836856888,Semi-supervised learning,Random
57,0.7906436011904762,0.8752790178571429,0.8976004464285715,0.9040178571428572,0.9060639880952381,0.14594569201355967,0.03138671862598097,0.016318768323337784,0.018293587579083725,0.01959933569214556,White blood cells,0.4670456265279113,0.5487255460622223,0.5999000154576284,0.6305616688537987,0.6530780666452466,0.13064191388656138,0.09134463708388463,0.04597602625045949,0.0314154663638988,0.05802507907957377,Autoencoder,0.6691736761522747,0.6882421463733008,0.6899574231523401,0.6899574231523401,0.6950726803048338,0.06062191438374975,0.03956671490246744,0.03732460417833705,0.03732460417833705,0.030803932300209724,0.5021532234622059,0.629681041467587,0.6678722092749579,0.7214616843023002,0.752684495782955,0.1201440998697983,0.1308604464642058,0.08940181089154675,0.07535277019496223,0.056769412718249646,Semi-supervised learning,MC dropout
58,0.7571614583333334,0.7765066964285715,0.814453125,0.814453125,0.8402157738095237,0.12229607276974996,0.13598850625734504,0.08235801808044962,0.08235801808044962,0.10080498106163394,White blood cells,0.434907769343121,0.46437006818427023,0.5423610671458224,0.5423610671458224,0.5724728678871167,0.1112326287889443,0.12470785027642489,0.06953283852185066,0.06953283852185066,0.08978299925467292,Autoencoder,0.6760804221304925,0.6760804221304925,0.6760804221304925,0.6760804221304925,0.6760804221304925,0.06608602440151723,0.06608602440151723,0.06608602440151723,0.06608602440151723,0.06608602440151723,0.504355321717188,0.5609421837788363,0.6406664244434972,0.6406664244434972,0.6666814195370492,0.11356422582708497,0.152147324706011,0.05476458372502058,0.05476458372502058,0.07229669107384795,Semi-supervised learning,Entropy Based
59,0.7149367559523809,0.8677455357142856,0.8872767857142857,0.9068080357142857,0.9114583333333334,0.11720395942139294,0.013423823327878504,0.02724201342144228,0.013242819674548545,0.01298824045785163,White blood cells,0.43071795005551133,0.5864651830328116,0.6248415470334908,0.6498996264943508,0.6701194836920908,0.1054266860293066,0.07905183530416793,0.051591370584892826,0.04478460030404863,0.04798520306241694,Autoencoder,0.6592292510226468,0.7103043984494772,0.7150208701317146,0.7150208701317146,0.7150208701317146,0.08626439745684,0.05511388468050393,0.06074649321411485,0.06074649321411485,0.06074649321411485,0.49375128536253704,0.6821427844262957,0.7301288617895217,0.7344274908135721,0.7728474401299072,0.1046684454503145,0.05309200611775111,0.03125193714076302,0.03634474605318949,0.04570708031530146,Semi-supervised learning,Augmentations Based
60,0.6239769345238095,0.6685267857142857,0.7883184523809524,0.7883184523809524,0.9125744047619048,0.09426023651894366,0.15717664743408355,0.16881484770964217,0.16881484770964217,0.008328058558602414,White blood cells,0.3236121397389167,0.39104443963765784,0.5296367948807726,0.5920698327529431,0.6540081822014371,0.029216056770104193,0.12385397099227208,0.15379452166208873,0.06598700826877035,0.024808144360327966,SimCLR,0.6548906406704377,0.6548906406704377,0.6983073516014375,0.7042895041280254,0.7332688496453276,0.05528171853067909,0.05528171853067909,0.02285365237589887,0.014424116537853915,0.0266858093936031,0.40803016628443983,0.47988752717673616,0.5906447249395046,0.6605470629418234,0.7189298190189293,0.028485912837536875,0.13008653106605517,0.14244810561746196,0.043959555113826876,0.021100571692633352,Semi-supervised learning,Random
61,0.6239769345238095,0.6239769345238095,0.6668526785714285,0.7375372023809524,0.7375372023809524,0.09426023651894366,0.09426023651894366,0.15481108278856093,0.1400045758813454,0.1400045758813454,White blood cells,0.3236121397389167,0.3236121397389167,0.43705903849965794,0.5402177103129668,0.5502293972839185,0.029216056770104193,0.029216056770104193,0.10190156713060533,0.06760168649851117,0.054190837960901905,SimCLR,0.6548906406704377,0.6548906406704377,0.686567300333124,0.7243633084614127,0.7243633084614127,0.05528171853067909,0.05528171853067909,0.021532814959965507,0.0408214574022856,0.0408214574022856,0.4080301662844397,0.4080301662844397,0.5320901401414501,0.6530918988309106,0.6754665342448952,0.028485912837536875,0.028485912837536875,0.1204433864392242,0.04514165602880782,0.025426013583625062,Semi-supervised learning,MC dropout
62,0.6239769345238095,0.6239769345238095,0.6648065476190476,0.7479538690476191,0.7479538690476191,0.09426023651894366,0.09426023651894366,0.15191992089995499,0.14267998261328563,0.14267998261328563,White blood cells,0.3236121397389167,0.3236121397389167,0.462448994702668,0.5903758983269384,0.5903758983269384,0.029216056770104193,0.029216056770104193,0.11651756387480072,0.005089170096934326,0.005089170096934326,SimCLR,0.6548906406704377,0.6548906406704377,0.6802607360894847,0.6995692769993895,0.6995692769993895,0.05528171853067909,0.05528171853067909,0.02568643156201167,0.015433487871114204,0.015433487871114204,0.4080301662844397,0.4080301662844397,0.5487097319222816,0.7077420754980587,0.7227526518117747,0.028485912837536875,0.028485912837536875,0.12184706585384453,0.012029358057709993,0.030695217472256675,Semi-supervised learning,Entropy Based
63,0.6239769345238095,0.6239769345238095,0.7376302083333334,0.8928571428571428,0.9183407738095237,0.09426023651894366,0.09426023651894366,0.14491610782381814,0.024624280963789213,0.013582053809500616,White blood cells,0.3236121397389167,0.43198663533398435,0.6020402220476758,0.6258835388336058,0.678038661342058,0.029216056770104193,0.08467734895792783,0.031055699160126626,0.02020895887946028,0.05368103323668949,SimCLR,0.6548906406704377,0.6972064839352488,0.7163587023643648,0.7163587023643648,0.7170695164988254,0.05528171853067909,0.0222118721101765,0.005828164492725274,0.005828164492725274,0.005909192240477701,0.40803016628443983,0.5370684022252094,0.7361145927972842,0.7890303242058777,0.7908740477256987,0.028485912837536875,0.10733173052774703,0.03969582124262605,0.012063208653244395,0.014668798335048638,Semi-supervised learning,Augmentations Based
64,0.38184176394293123,0.45105058365758754,0.47844357976653695,0.5908171206225681,0.6878858625162128,0.06243868806701097,0.1359016024928127,0.17183936695603885,0.11546855033457443,0.021566890594534316,Jurkat cells cycle,0.1392880581522249,0.1894126007414416,0.2060050389653955,0.2674967428399422,0.35574833181591364,0.006120542195028611,0.06481418097593157,0.08827833676923226,0.06111373768638528,0.05610382898528482,Random,0.5903367893057043,0.5903367893057043,0.5903367893057043,0.7353723026615148,0.7686989809096171,0.16730760068936312,0.16730760068936312,0.16730760068936312,0.07362548530276958,0.041304596854081055,0.20731083712770648,0.26980395237394256,0.27499250913268675,0.3278251537608587,0.40886695850871785,0.036259716084149435,0.052431375224899796,0.05975342905847328,0.040606929434754135,0.0521126940661486,Supervised learning,Random
65,0.36354085603112846,0.3935408560311284,0.5612451361867704,0.6331128404669261,0.690739299610895,0.06267943854914454,0.05774555041482826,0.15594130758372582,0.03743156280936133,0.016931391444012345,Jurkat cells cycle,0.13160033172143698,0.15564267289411793,0.2630996866456662,0.3313992200591777,0.4280981135591859,0.01433175462372803,0.024161694429784497,0.07063825709835192,0.0711863749004229,0.061047763554816836,Random,0.6172130863359404,0.6172130863359404,0.6870556201773689,0.7555273108335074,0.7758782798647665,0.15218699340776787,0.15218699340776787,0.13624287801515378,0.04240900970503447,0.030507895465178958,0.20097526419863476,0.22710342506205264,0.3232129419818174,0.4026229823605134,0.4998597846315602,0.03326400022390727,0.019664483657345022,0.05592247457442512,0.06944891954850013,0.07762904661014369,Supervised learning,MC dropout
66,0.3818417639429313,0.4493385214007783,0.6075226977950713,0.6754863813229571,0.7021011673151752,0.06243868806701097,0.1122441958714605,0.040669220659792726,0.012955426122152502,0.01634809363298162,Jurkat cells cycle,0.1392880581522249,0.19885656760233164,0.27773022638187245,0.35485387022464515,0.47658407017628085,0.006120542195028611,0.04402548113085744,0.02937307758318969,0.057617130231600644,0.04701531531109426,Random,0.5903367893057042,0.6611550084616655,0.7389427771547356,0.7681829381581199,0.7681829381581199,0.16730760068936312,0.15103395361832628,0.0633792339871363,0.04352152141931731,0.04352152141931731,0.20731083712770648,0.245263576549367,0.32613962614265063,0.41616557398413706,0.5517251255285256,0.036259716084149435,0.04226843605663633,0.03787463928865609,0.05860912879222746,0.023685650182601048,Supervised learning,Entropy Based
67,0.38184176394293123,0.4507911802853437,0.6113618677042801,0.6394811932555123,0.702568093385214,0.06243868806701097,0.13556865967100135,0.013164408064616606,0.025964502362965214,0.010675575521313596,Jurkat cells cycle,0.1392880581522249,0.17411283671006236,0.25405410483163515,0.28903777260962,0.3958614081220611,0.006120542195028611,0.043179112234630695,0.013586865756439526,0.01856708703397958,0.04487371550402658,Random,0.5903367893057043,0.5903367893057043,0.7586723757257311,0.7586723757257311,0.7586723757257311,0.16730760068936312,0.16730760068936312,0.04807512353519505,0.04807512353519505,0.04807512353519505,0.20731083712770648,0.24062270762323187,0.30562209065921414,0.3557252048978236,0.4842534758127524,0.036259716084149435,0.011625207488231648,0.0357802056810444,0.02485624764624428,0.07447356504038233,Supervised learning,Augmentations Based
68,0.3345784695201037,0.4939559014267185,0.6026977950713359,0.7227496757457846,0.7272114137483787,0.025316068068133135,0.11388986227309111,0.171860433060195,0.0036773115738872875,0.009981604469056271,Jurkat cells cycle,0.13469220086365272,0.22159185987156815,0.37592117828195065,0.48901101538018815,0.4949595936209524,0.024142430529862036,0.06440907532099238,0.15976065965830336,0.0002835654396956544,0.008131514367776815,ImageNet,0.5065286874021417,0.5065286874021417,0.6207733368473932,0.7280846397482614,0.7309945538228803,0.04818371732029336,0.04818371732029336,0.1299755917103838,0.06965449772792409,0.07179928222120002,0.23816798589789615,0.31610098008737636,0.4333107369409761,0.5385731345414149,0.5430572653434634,0.014800092150742489,0.08598741898299159,0.13608336823489442,0.013576356297517411,0.015106872692949302,Supervised learning,Random
69,0.3445395590142672,0.3445395590142672,0.6881452658884566,0.722697795071336,0.7298573281452659,0.012203322793661542,0.012203322793661542,0.025316387026126708,0.01982724353762788,0.017918145936601237,Jurkat cells cycle,0.13570018491139887,0.13570018491139887,0.37920125274577515,0.4858792402218475,0.49546624838860187,0.024955314374282916,0.024955314374282916,0.07690112905626456,0.003884115312824621,0.008357421015188382,ImageNet,0.4973911555781744,0.4973911555781744,0.7178019257794178,0.7671535611590986,0.7698745608554883,0.05278468639666284,0.05278468639666284,0.06262514363072746,0.01081336593258575,0.01380292662680116,0.24396027571632706,0.24396027571632706,0.45876980918865273,0.5389608832656635,0.5436089831572728,0.007798531169216,0.007798531169216,0.07394581004559408,0.006201100157350425,0.009929710494069655,Supervised learning,MC dropout
70,0.3345784695201037,0.41686121919584956,0.6686900129701686,0.703242542153048,0.7184435797665368,0.025316068068133135,0.09207917969769824,0.045857879583217964,0.011716535607976142,0.009811621797649495,Jurkat cells cycle,0.13469220086365272,0.16885895049643676,0.35816258939144024,0.46735540208535903,0.486507159014204,0.024142430529862036,0.06481922187180059,0.08305409637413375,0.02068385459132438,0.010661924136550593,ImageNet,0.5065286874021417,0.5363087240623851,0.5988134965487563,0.6058736666105586,0.6758404822921634,0.04818371732029336,0.055906936311764244,0.019587867026046868,0.02700191366423932,0.07656833407455077,0.23816798589789615,0.27388475712429217,0.4703685199413869,0.5365354794118897,0.5403508273729491,0.014800092150742489,0.03716172547967522,0.05572696047519077,0.009030746771191644,0.006572617729435404,Supervised learning,Entropy Based
71,0.3345784695201037,0.49556420233463033,0.535875486381323,0.6806744487678339,0.6894422827496757,0.025316068068133135,0.10574139307322844,0.12678174157432398,0.016393636395258704,0.02391029388753263,Jurkat cells cycle,0.13469220086365272,0.24564715429323225,0.2986472259113509,0.42048433945407976,0.4480828301756968,0.024142430529862036,0.08277364714263968,0.12354856511465157,0.07802015877357177,0.05624236186812104,ImageNet,0.5065286874021417,0.5372808338725439,0.5534332705556775,0.6641388187179238,0.6681593004609594,0.04818371732029336,0.056671127135334676,0.06967174518481561,0.05701832719361288,0.053965403410030977,0.23816798589789615,0.35529332269207875,0.41299837014727636,0.4947468228652417,0.5473391910583295,0.014800092150742489,0.10861051585675122,0.127383130653011,0.09087328070824435,0.02839584123856742,Supervised learning,Augmentations Based
72,0.45473411154345006,0.5404928664072632,0.664124513618677,0.7027237354085604,0.7165758754863814,0.07428091545856147,0.04520167588270335,0.02942114578643429,0.011128858162419597,0.018656711805022264,Jurkat cells cycle,0.15811523917823947,0.21500204887080487,0.32193260143219327,0.42811595550109155,0.4721582677697775,0.010738973766311444,0.04567561052196337,0.026501456437545978,0.03746294439726511,0.02579143001672446,Autoencoder,0.634685842215074,0.6597109100782353,0.6961486095656791,0.6966414674977836,0.743773403971795,0.2048727802297774,0.19857439770988838,0.1512971086141106,0.15067675379717826,0.09632419001902504,0.22188263089813,0.28800727953070965,0.3870857208936466,0.5066476288331209,0.5159131907560264,0.026655884290452125,0.055396926606219754,0.023211065976632195,0.016804615560683356,0.026398634760593065,Supervised learning,Random
73,0.45473411154345006,0.5311024643320363,0.6470038910505836,0.667289234760052,0.7138261997405966,0.07428091545856147,0.0646697549488085,0.018050896376016756,0.04097857396968141,0.03260476473175822,Jurkat cells cycle,0.15811523917823947,0.21976087515925188,0.30355241597276855,0.3468161841783015,0.4251231123424448,0.010738973766311444,0.05099301208080917,0.003849848708567416,0.05984685025173436,0.08604200406868157,Autoencoder,0.634685842215074,0.6909728175423938,0.7114111823771126,0.7114111823771126,0.758461778892067,0.2048727802297774,0.13808851079344875,0.11784690757158134,0.11784690757158134,0.11338464857246755,0.22188263089813,0.285237667488176,0.36019616887907996,0.40221083947615716,0.46675343093664673,0.026655884290452125,0.054018752489018024,0.009720349244087434,0.05136484379727202,0.06221443874682975,Supervised learning,MC dropout
74,0.45473411154345006,0.59621271076524,0.6645914396887159,0.6653696498054474,0.7217639429312581,0.07428091545856147,0.013906150019899033,0.02587249234211564,0.02477235655525678,0.021827772629019804,Jurkat cells cycle,0.15811523917823947,0.2746799656647358,0.3584737765844273,0.39713977133908923,0.48325341688171014,0.010738973766311444,0.01653229220143776,0.07941081472099248,0.06080758472121933,0.027840044542807363,Autoencoder,0.634685842215074,0.6578382192506461,0.7192979620135698,0.7192979620135698,0.7550931172390735,0.2048727802297774,0.1761174343670739,0.11106578243934973,0.11106578243934973,0.10089710675398245,0.22188263089813,0.39261306613350305,0.41729625640497875,0.4754963837966339,0.5529995541606437,0.026655884290452125,0.07651689051449767,0.09066962025373754,0.07536024814940134,0.029882315308221163,Supervised learning,Entropy Based
75,0.45473411154345006,0.627704280155642,0.6282749675745785,0.6493904020752269,0.6901686121919585,0.07428091545856147,0.03786251479093283,0.038411394674493504,0.05501489930020653,0.01615497892340434,Jurkat cells cycle,0.15811523917823947,0.2948084854149831,0.31058288856227084,0.36666645313124696,0.429098765573064,0.010738973766311444,0.028768555966216525,0.04701744583931211,0.07965563086287109,0.01518740873948321,Autoencoder,0.634685842215074,0.6680566904246191,0.6793596678979613,0.6877277186907946,0.7311041849534643,0.2048727802297774,0.16390258157186932,0.15085250230939962,0.14157926147419142,0.1023566938490208,0.22188263089812998,0.38432286366689566,0.39849179596473183,0.47370255093040897,0.5222329595576479,0.026655884290452125,0.027567781886171983,0.03964366177312323,0.07080535161397367,0.01280160790669993,Supervised learning,Augmentations Based
76,0.2618417639429313,0.5429831387808041,0.6452399481193256,0.686485084306096,0.7008041504539558,0.11086617295089199,0.07915335053846678,0.04776466360031795,0.026093555286546333,0.036375050033616074,Jurkat cells cycle,0.1062489105001337,0.2400026188622112,0.3521286367021382,0.38621579318625915,0.4605509522654219,0.029813311566971534,0.06936583983527114,0.024201110112548274,0.06899292353282821,0.09182260843701978,SimCLR,0.4378980256623553,0.6658974108145924,0.6802435676507456,0.6802435676507456,0.6802435676507456,0.1051802102951484,0.04213792035295483,0.056949034380534225,0.056949034380534225,0.056949034380534225,0.2356991561978478,0.3166145398663523,0.4657442491044299,0.48274432663855266,0.5450395292978882,0.00927449448398504,0.04452369023878411,0.06650574787060332,0.061286264538878754,0.019758243113149887,Supervised learning,Random
77,0.2618417639429313,0.4286900129701687,0.6806744487678339,0.6895979247730221,0.720881971465629,0.11086617295089199,0.21570469636610135,0.04253525615537601,0.039947647680272036,0.004633382840314559,Jurkat cells cycle,0.1062489105001337,0.20376040325391667,0.40011642647829776,0.4662470189189325,0.4921528555566843,0.029813311566971534,0.09235586575212425,0.07147527620026212,0.03696487548237459,0.0037808953534135825,SimCLR,0.4378980256623553,0.5313668320056052,0.6360662301998441,0.6622187423789525,0.6622187423789525,0.1051802102951484,0.15944369891693067,0.04793955193008004,0.032918263317724294,0.032918263317724294,0.2356991561978478,0.2978671635101148,0.4823965243800216,0.5164396019558359,0.5355889055804817,0.00927449448398504,0.04223704127036226,0.036792470089806906,0.03213595175265127,0.009243928318182548,Supervised learning,MC dropout
78,0.26184176394293124,0.6217380025940338,0.6894422827496758,0.7160570687418936,0.7377431906614786,0.11086617295089199,0.07064048704390513,0.007740833077620746,0.022770001878445245,0.024283148573392754,Jurkat cells cycle,0.1062489105001337,0.30221371113008005,0.3822767117468458,0.4118549313715181,0.5009253820991107,0.029813311566971534,0.07849481086677235,0.04873576796104162,0.024054265699611888,0.01355584782565683,SimCLR,0.4378980256623553,0.5947828425832064,0.6673483345237318,0.6987243565029654,0.773727487222111,0.10518021029514835,0.04634101675493785,0.09507132692133424,0.05329491778887352,0.016411040157565004,0.2356991561978478,0.3718976390602566,0.47530631170078425,0.5377454242045324,0.5576011012845052,0.00927449448398504,0.1099517633756728,0.06472155909226462,0.014050311943179072,0.004775645527151151,Supervised learning,Entropy Based
79,0.26184176394293124,0.5907652399481194,0.6151491569390403,0.7081193255512321,0.7124254215304799,0.11086617295089199,0.04298882899714951,0.026736724578771187,0.001428368342198283,0.005115445024101106,Jurkat cells cycle,0.1062489105001337,0.2675667392900161,0.28288300384947984,0.4595715563160987,0.47783556836498503,0.029813311566971534,0.03895766714437365,0.02061189456492557,0.014574443292027561,0.0045971158205757034,SimCLR,0.4378980256623553,0.5763794725395849,0.5766576892156013,0.6407972525352429,0.6407972525352429,0.10518021029514835,0.03301727090698503,0.03321195724219084,0.0364964524024024,0.0364964524024024,0.2356991561978478,0.34620756074083975,0.38290802050357375,0.5290703002830087,0.5495648599403965,0.00927449448398504,0.0331202217687509,0.00927331761543504,0.014038961128367666,0.006602789821277044,Supervised learning,Augmentations Based
80,0.5527083333333334,0.6628124999999999,0.7131770833333334,0.7131770833333334,0.7131770833333334,0.03288591324458778,0.013912978241256146,0.00787096181737379,0.00787096181737379,0.00787096181737379,Jurkat cells cycle,0.23924166486512663,0.3322814055001481,0.39751909155633336,0.42465916572155865,0.42766929511285556,0.011372179709823932,0.038595914507441764,0.07100048054144459,0.06299280962813553,0.06348701904792498,Random,0.44579345230374096,0.5089084251439213,0.5450005686109057,0.5450005686109057,0.5450005686109057,0.1366220266221857,0.090363867765626,0.04318707339399275,0.04318707339399275,0.04318707339399275,0.2734262943615864,0.3569358736291182,0.44526329185891983,0.44965078243494644,0.4757059372861381,0.014084519986913346,0.03248817117545599,0.060917583376537354,0.05921914592700189,0.04451576015266351,Semi-supervised learning,Random
81,0.5527083333333334,0.63921875,0.63921875,0.6549479166666666,0.6795833333333333,0.03288591324458778,0.02148877795792492,0.02148877795792492,0.02316520060558991,0.028094408517186364,Jurkat cells cycle,0.23924166486512663,0.3048634044982308,0.3048634044982308,0.31394711783530765,0.357141849520412,0.011372179709823932,0.006004904651902787,0.006004904651902787,0.01312847189305305,0.057437171902339046,Random,0.44579345230374096,0.4638756828497308,0.4638756828497308,0.47034789140309147,0.5015665858778876,0.1366220266221857,0.1110501295622407,0.1110501295622407,0.10189715896184076,0.05774832003472602,0.27342629436158644,0.35044270740772393,0.37277310088307675,0.41185156262716244,0.42873305764881137,0.014084519986913346,0.009099383969330743,0.020760825755909207,0.03527141520088739,0.04651266112733282,Semi-supervised learning,MC dropout
82,0.5527083333333334,0.64296875,0.6855729166666666,0.6986979166666667,0.7005729166666667,0.03288591324458778,0.008603687436210095,0.031583979215031754,0.027556267404419743,0.02504239027656685,Jurkat cells cycle,0.23924166486512663,0.3156494060278087,0.39141163482822705,0.40368915543426476,0.41635645941973,0.011372179709823932,0.030722939196897614,0.0677024852346651,0.0503515538815516,0.03246333966562187,Random,0.445793452303741,0.5290384056809839,0.5344683681001281,0.5344683681001281,0.5344683681001281,0.1366220266221857,0.054111163522928885,0.046939917518264984,0.046939917518264984,0.046939917518264984,0.27342629436158644,0.32899031578191584,0.42003068545305533,0.4547777347307396,0.4798255958597144,0.014084519986913346,0.021104935954854853,0.048879054583767456,0.06756401896413283,0.03712983654232904,Semi-supervised learning,Entropy Based
83,0.5527083333333334,0.63734375,0.6821875,0.6821875,0.68890625,0.03288591324458778,0.017882719778229084,0.022090825183583962,0.022090825183583962,0.031226814315451157,Jurkat cells cycle,0.23924166486512663,0.3348662627269852,0.3946773470937132,0.396611905448465,0.41193962365507986,0.011372179709823932,0.04368987555068421,0.026184415073816913,0.028525129134228777,0.048554034767674614,Random,0.44579345230374096,0.5133225741943791,0.516218835859611,0.516218835859611,0.516218835859611,0.1366220266221857,0.04112383303828204,0.0433606690789099,0.0433606690789099,0.0433606690789099,0.27342629436158644,0.3914092605242307,0.4726385815969027,0.48482160809304364,0.489191224131668,0.014084519986913346,0.018379321556159234,0.033146404749638314,0.025794783006941158,0.0293570357442956,Semi-supervised learning,Augmentations Based
84,0.5701041666666667,0.6693749999999999,0.6700520833333333,0.6716145833333332,0.6968229166666666,0.04066110841882231,0.009723555216157642,0.01057150544769081,0.012780914658735876,0.006450347885751717,Jurkat cells cycle,0.26267042651016254,0.3797600405960635,0.38686895539241445,0.3975582857235947,0.4171183028175231,0.019309494159977347,0.03693536861827229,0.029464381495003578,0.0224217194161635,0.048732619093275364,ImageNet,0.47610585994302346,0.5792023610079232,0.5792023610079232,0.5792023610079232,0.5792023610079232,0.1286702400198803,0.02667816323052563,0.02667816323052563,0.02667816323052563,0.02667816323052563,0.3504738459606341,0.4320140874000294,0.4530921334354557,0.4651457531986491,0.4899409495397116,0.057306126544419356,0.03648968116193224,0.04334733206287511,0.03555141389408467,0.02366694801505287,Semi-supervised learning,Random
85,0.5701041666666667,0.6835416666666667,0.6913020833333333,0.6984895833333332,0.6984895833333332,0.04066110841882231,0.01071677075182742,0.016905033715747364,0.009466853266206776,0.009466853266206776,Jurkat cells cycle,0.26267042651016254,0.3449424903893787,0.3627645890335032,0.3786565659275711,0.3786565659275711,0.019309494159977347,0.03531339604999345,0.02416932913186226,0.04584579316359644,0.04584579316359644,ImageNet,0.47610585994302346,0.5062793160755645,0.5062793160755645,0.5190944875463653,0.5190944875463653,0.1286702400198803,0.08620594197740611,0.08620594197740611,0.06824896931095786,0.06824896931095786,0.3504738459606341,0.38681176969331954,0.42848462499607803,0.46700626948169116,0.46700626948169116,0.057306126544419356,0.05368196194233882,0.052435977100956765,0.055054747669148474,0.055054747669148474,Semi-supervised learning,MC dropout
86,0.5701041666666667,0.6681770833333333,0.6872916666666665,0.6933333333333334,0.703125,0.04066110841882231,0.020603023856072378,0.019885877744785563,0.023417468291439092,0.009668159457294156,Jurkat cells cycle,0.26267042651016254,0.35789620561294955,0.40559969459043854,0.406842501571063,0.4214367992333119,0.019309494159977347,0.04196253815993095,0.05602830749916321,0.05689400946645201,0.03625494658009987,ImageNet,0.47610585994302346,0.5149252537484225,0.5207597598302763,0.5207597598302763,0.5207597598302763,0.1286702400198803,0.0740821205878201,0.0712169935686599,0.0712169935686599,0.0712169935686599,0.3504738459606341,0.41805643522833424,0.4751397554776588,0.4839306368765435,0.49199649053505706,0.057306126544419356,0.05021425110873595,0.06336928566048589,0.07002128539290342,0.05870901788554184,Semi-supervised learning,Entropy Based
87,0.5701041666666667,0.6583333333333333,0.7061458333333333,0.7073958333333333,0.7213020833333333,0.04066110841882231,0.05466075735019793,0.027232462023240256,0.025488819205955582,0.0069659389572085395,Jurkat cells cycle,0.26267042651016254,0.34188099787738246,0.3900195763134919,0.4041117234881389,0.45405991048005306,0.019309494159977347,0.06346867699043668,0.028410041036444622,0.04022559210424714,0.07357065863511414,ImageNet,0.47610585994302346,0.5901326661358389,0.5901326661358389,0.5901326661358389,0.6216301261993648,0.1286702400198803,0.13076249018478192,0.13076249018478192,0.13076249018478192,0.08850500003418138,0.3504738459606341,0.3929121176524188,0.45132511533906633,0.4759617779822243,0.4911315979729997,0.057306126544419356,0.06373256005747835,0.034592183288132794,0.05149166314153747,0.06341278874985412,Semi-supervised learning,Augmentations Based
88,0.5715625000000001,0.6356770833333333,0.67484375,0.67484375,0.696875,0.022721350435768617,0.008607785256027789,0.005332377030149549,0.005332377030149549,0.017287116620236853,Jurkat cells cycle,0.2582524209861397,0.31371351815760967,0.3396599102389963,0.3396599102389963,0.3567519622538548,0.0027632618321263847,0.03075760562181118,0.030682431219540562,0.030682431219540562,0.03062109651816103,Autoencoder,0.46311464745128,0.5823311107920107,0.5844886076076211,0.5844886076076211,0.5844886076076211,0.1346248689083122,0.025090831184069184,0.026693705658915712,0.026693705658915712,0.026693705658915712,0.30324293255658435,0.3390850923092488,0.3842926005140586,0.4159647861341105,0.46538724228608136,0.01976166780912425,0.014858124184742527,0.04534679211417131,0.050010322118326345,0.030350117271467747,Semi-supervised learning,Random
89,0.47859375000000004,0.67890625,0.707578125,0.707578125,0.7091406250000001,0.04296875,0.0078125,0.011328124999999911,0.011328124999999911,0.012890625000000044,Jurkat cells cycle,0.21321161386771037,0.41977897527874,0.4470499437686218,0.4470499437686218,0.45322322063616116,0.003035504313803866,0.0032537211714341874,0.02401724731844762,0.02401724731844762,0.017843970450908242,Autoencoder,0.4644372371698794,0.5231118656335612,0.5463692799701352,0.5463692799701352,0.5463692799701352,0.05501523337089975,0.0963930984746002,0.07313568413802624,0.07313568413802624,0.07313568413802624,0.3252469870956483,0.42969125080981646,0.5165383020766923,0.5165383020766923,0.5286082716221638,0.043945555610989784,0.0038044789603507434,0.01626827711592793,0.01626827711592793,0.02833824666139939,Semi-supervised learning,MC dropout
90,0.5284375,0.6350781249999999,0.6620312500000001,0.6757031250000001,0.6757031250000001,0.09281249999999996,0.01382812500000008,0.0014062500000000533,0.015078125000000053,0.015078125000000053,Jurkat cells cycle,0.28146025123789264,0.349338834295126,0.35261974868879553,0.36125301284151756,0.36125301284151756,0.06521313305637844,0.05223557290139069,0.04895465850772118,0.05758792266044316,0.05758792266044316,Autoencoder,0.4424443108566182,0.46217897086917825,0.5049279971539128,0.5049279971539128,0.5049279971539128,0.07700815968416097,0.05727349967160089,0.10002252595633543,0.10002252595633543,0.10002252595633543,0.31385272857111535,0.3820827978435939,0.40772612876547354,0.41279129702726297,0.41279129702726297,0.032551297086456876,0.057353440569042125,0.05883818923330142,0.06390335749509085,0.06390335749509085,Semi-supervised learning,Entropy Based
91,0.5284375,0.6620312500000001,0.684375,0.710546875,0.710546875,0.09281249999999996,0.001875000000000071,0.020468750000000036,0.005703125000000031,0.005703125000000031,Jurkat cells cycle,0.28146025123789264,0.37663142154923274,0.37837604890252063,0.3906635050889735,0.3906635050889735,0.06521313305637844,0.06225383522853206,0.060509207875244164,0.04822175168879128,0.04822175168879128,Autoencoder,0.4424443108566182,0.4870429329533084,0.4870429329533084,0.4870429329533084,0.4870429329533084,0.07700815968416097,0.03240953758747073,0.03240953758747073,0.03240953758747073,0.03240953758747073,0.31385272857111535,0.40117846944417634,0.44034031099270093,0.4617394992732734,0.46960246506981124,0.032551297086456876,0.05579774726769393,0.038201575538390264,0.016802387257817797,0.008939421461279962,Semi-supervised learning,Augmentations Based
92,0.5218229166666667,0.6340625000000001,0.6933854166666666,0.6940104166666666,0.7192708333333333,0.008611566128211234,0.07240980830344512,0.01635798124302701,0.016288182971525345,0.016873231646029052,Jurkat cells cycle,0.2770110907368261,0.3479829355627113,0.39429505654210545,0.3981790992932657,0.4324719332680346,0.059934883373249564,0.06482665096958856,0.05285259989162905,0.05826896173771218,0.05631959085062188,SimCLR,0.51928224132727,0.5221960743285406,0.5365075500069637,0.5447189155875506,0.601859065922887,0.08333093157661109,0.07921165690386756,0.05898263542007404,0.047380047620372845,0.03355134576718499,0.37729294684685727,0.4182219476507652,0.45303935156468284,0.47469818140369274,0.49298112235867836,0.03958183159365347,0.04670399674241715,0.04537849468236871,0.039464627866758306,0.034343104888512166,Semi-supervised learning,Random
93,0.5218229166666667,0.56734375,0.6726041666666666,0.7051041666666666,0.7051041666666666,0.008611566128211234,0.057060280853161505,0.024664854240846856,0.005545346522585981,0.005545346522585981,Jurkat cells cycle,0.27701109073682606,0.3104455133998865,0.3903642952894826,0.45881111822958415,0.45881111822958415,0.059934883373249564,0.05254311577864029,0.05002592416713919,0.0031882827242933898,0.0031882827242933898,SimCLR,0.51928224132727,0.51928224132727,0.51928224132727,0.5370653339933756,0.5370653339933756,0.08333093157661109,0.08333093157661109,0.08333093157661109,0.06341007092275824,0.06341007092275824,0.37729294684685727,0.4424657755741863,0.520284062003484,0.5454865672078127,0.5454865672078127,0.03958183159365347,0.04691676346891671,0.017876371733680396,0.009300238165173003,0.009300238165173003,Semi-supervised learning,MC dropout
94,0.5218229166666667,0.6525,0.6878645833333333,0.7083854166666667,0.7162499999999999,0.008611566128211234,0.0021001922035058795,0.023146222431472907,0.0069554166791470085,0.012960903750960706,Jurkat cells cycle,0.2770110907368261,0.3292258018203435,0.39703570135621974,0.431320062448788,0.4445833021728917,0.059934883373249564,0.02239342738220218,0.06856603558459762,0.02968084197349974,0.0371333617543948,SimCLR,0.51928224132727,0.5253605203661479,0.5393406919655113,0.5506842924063586,0.5506842924063586,0.08333093157661109,0.08812896093198563,0.06851084671709229,0.0526766357922433,0.0526766357922433,0.37729294684685727,0.4013664560745324,0.4550367850287636,0.5082377350828501,0.5202536912903665,0.03958183159365347,0.04122662701469182,0.06823530687915041,0.009032825566137326,0.020337113027583842,Semi-supervised learning,Entropy Based
95,0.5218229166666667,0.6749479166666666,0.7197395833333333,0.7403645833333332,0.7403645833333332,0.008611566128211234,0.015598588789445755,0.010822560749681909,0.00803266173281858,0.00803266173281858,Jurkat cells cycle,0.27701109073682606,0.35473562448124074,0.4068190398148929,0.4947656852214049,0.5080743627752805,0.059934883373249564,0.053183104541512205,0.03029479198239282,0.04329525335257739,0.03191332745510861,SimCLR,0.51928224132727,0.5716554733231864,0.5784078257081696,0.5784078257081696,0.5784078257081696,0.08333093157661109,0.009492846302975644,0.0022197521228396466,0.0022197521228396466,0.0022197521228396466,0.37729294684685727,0.4286170197873655,0.4999989881199928,0.553537125847441,0.5784601540159916,0.03958183159365347,0.033342413215126154,0.018641114510200674,0.03485706825992907,0.02532211436410592,Semi-supervised learning,Augmentations Based
